"film_id","film_title","total_rentals","average_rental_days"
5,AFRICAN EGG,11,7.1
323,FLIGHT LIES,12,7.1
400,HARDLY ROBBERS,4,7.0
454,IMPACT ALADDIN,9,7.0
599,MOTHER OLEANDER,14,6.9
952,WAGON JAWS,10,6.9
546,MADRE GABLES,14,6.8
721,REDS POCUS,9,6.8
357,GILBERT PELICAN,9,6.7
629,NOTORIOUS REUNION,14,6.7
749,RULES HUMAN,16,6.7
798,SILVERADO GOLDFINGER,11,6.7
811,SMILE EARRING,10,6.7
133,CHAMBER ITALIAN,12,6.6
151,CINCINATTI WHISPERER,12,6.6
370,GORGEOUS BINGO,18,6.6
441,HUNTER ALTER,5,6.6
636,OLEANDER CLUE,10,6.6
871,SWEDEN SHINING,17,6.6
444,HUSTLER PARTY,22,6.5
498,KILLER INNOCENT,6,6.5
750,RUN PACIFIC,10,6.5
879,TELEGRAPH VOYAGE,27,6.5
919,TYCOON GATHERING,12,6.5
197,CRUSADE HONEY,8,6.4
361,GLEAMING JAWBREAKER,28,6.4
383,GROOVE FICTION,18,6.4
394,HAMLET WISDOM,14,6.4
548,MAGNIFICENT CHITTY,8,6.4
654,PANKY SUBMARINE,15,6.4
672,PERFECT GROOVE,17,6.4
757,SAGEBRUSH CLUELESS,16,6.4
946,VIRTUAL SPOILERS,14,6.4
287,ENTRAPMENT SATISFACTION,15,6.3
338,FRISCO FORREST,8,6.3
340,FRONTIER CABIN,6,6.3
417,HILLS NEIGHBORS,25,6.3
440,HUNGER ROOF,12,6.3
615,NASH CHOCOLAT,15,6.3
682,PITTSBURGH HUNCHBACK,12,6.3
852,STRANGELOVE DESIRE,24,6.3
48,BACKLASH UNDEFEATED,19,6.2
115,CAMPUS REMEMBER,19,6.2
170,COMMAND DARLING,16,6.2
206,DANCING FEVER,27,6.2
207,DANGEROUS UPTOWN,12,6.2
242,DOOM DANCING,21,6.2
426,HOME PITY,14,6.2
533,LOST BIRD,12,6.2
552,MAJESTIC FLOATS,17,6.2
597,MOONWALKER FOOL,12,6.2
884,TERMINATOR CLUB,6,6.2
935,VANISHED GARDEN,6,6.2
965,WATERSHIP FRONTIER,6,6.2
70,BIKINI BORROWERS,17,6.1
80,BLANKET BEVERLY,11,6.1
126,CASUALTIES ENCINO,9,6.1
216,DAY UNFAITHFUL,13,6.1
240,DOLLS RAGE,9,6.1
275,EGYPT TENENBAUMS,17,6.1
368,GONE TROUBLE,10,6.1
470,ISHTAR ROCKETEER,7,6.1
491,JUMPING WRATH,24,6.1
516,LEGEND JEDI,9,6.1
519,LIBERTY MAGNIFICENT,12,6.1
537,LOVER TRUMAN,10,6.1
571,METAL ARMAGEDDON,25,6.1
921,UNCUT SUICIDES,14,6.1
971,WHALE BIKINI,18,6.1
109,BUTTERFLY CHOCOLAT,30,6.0
116,CANDIDATE PERDITION,17,6.0
155,CLEOPATRA DEVIL,17,6.0
244,DORADO NOTTING,27,6.0
258,DRUMS DYNAMITE,13,6.0
268,EARLY HOME,7,6.0
271,EASY GLADIATOR,23,6.0
326,FLYING HOOK,19,6.0
485,JERSEY SASSY,6,6.0
486,JET NEIGHBORS,20,6.0
544,MADISON TRAP,15,6.0
678,PICKUP DRIVING,16,6.0
704,PURE RUNNER,15,6.0
730,RIDGEMONT SUBMARINE,31,6.0
794,SIDE ARK,12,6.0
855,STREAK RIDGEMONT,15,6.0
867,SUPER WYOMING,13,6.0
984,WONDERFUL DROP,9,6.0
6,AGENT TRUMAN,21,5.9
129,CAUSE DATE,21,5.9
175,CONFUSED CANDLES,17,5.9
189,CREATURES SHAKESPEARE,14,5.9
273,EFFECT GLADIATOR,24,5.9
280,EMPIRE MALKOVICH,21,5.9
375,GRAIL FRANKENSTEIN,9,5.9
387,GUN BONNIE,25,5.9
628,NORTHWEST POLISH,20,5.9
658,PARIS WEEKEND,14,5.9
662,PATHS CONTROL,10,5.9
670,PELICAN COMFORTS,26,5.9
726,RESERVOIR ADAPTATION,10,5.9
740,ROLLERCOASTER BRINGING,10,5.9
917,TUXEDO MILE,12,5.9
998,ZHIVAGO CORE,8,5.9
44,ATTACKS HATE,16,5.8
73,BINGO TALENTED,29,5.8
99,BRINGING HYSTERICAL,20,5.8
120,CARIBBEAN LIBERTY,9,5.8
165,COLDBLOODED DARLING,16,5.8
212,DARN FORRESTER,18,5.8
213,DATE SPEED,13,5.8
274,EGG IGBY,21,5.8
310,FEVER EMPIRE,5,5.8
397,HANKY OCTOBER,26,5.8
523,LIGHTS DEER,8,5.8
577,MILE MULAN,13,5.8
580,MINE TITANS,19,5.8
584,MIXED DOORS,4,5.8
591,MONSOON CAUSE,9,5.8
601,MOULIN WAKE,16,5.8
667,PEACH INNOCENT,13,5.8
732,RINGS HEARTBREAKERS,15,5.8
854,STRANGERS GRAFFITI,17,5.8
891,TIMBERLAND SKY,31,5.8
931,VALENTINE VANISHING,12,5.8
934,VANILLA DAY,9,5.8
953,WAIT CIDER,21,5.8
970,WESTWARD SEABISCUIT,26,5.8
2,ACE GOLDFINGER,6,5.7
9,ALABAMA DEVIL,12,5.7
24,ANALYZE HOOSIERS,14,5.7
55,BARBARELLA STREETCAR,25,5.7
62,BED HIGHBALL,6,5.7
89,BORROWERS BEDAZZLED,22,5.7
101,BROTHERHOOD BLANKET,26,5.7
147,CHOCOLAT HARRY,20,5.7
200,CURTAIN VIDEOTAPE,26,5.7
209,DARKNESS WAR,13,5.7
270,EARTH VISION,22,5.7
306,FEATHERS METAL,11,5.7
311,FICTION CHRISTMAS,19,5.7
324,FLINTSTONES HAPPINESS,17,5.7
402,HARPER DYING,20,5.7
418,HOBBIT ALIEN,31,5.7
425,HOLY TADPOLE,9,5.7
492,JUNGLE CLOSER,9,5.7
507,LADYBUGS ARMAGEDDON,6,5.7
549,MAGNOLIA FORRESTER,11,5.7
563,MASSACRE USUAL,30,5.7
796,SIERRA DIVIDE,15,5.7
814,SNATCH SLIPPER,22,5.7
832,SPLASH GUMP,14,5.7
886,THEORY MERMAID,10,5.7
908,TRAP GUYS,16,5.7
920,UNBREAKABLE KARATE,21,5.7
964,WATERFRONT DELIVERANCE,17,5.7
997,YOUTH KICK,6,5.7
16,ALLEY EVOLUTION,14,5.6
30,ANYTHING SAVANNAH,9,5.6
51,BALLOON HOMEWARD,23,5.6
90,BOULEVARD MOB,17,5.6
104,BUGSY SONG,11,5.6
114,CAMELOT VACATION,26,5.6
139,CHASING FIGHT,19,5.6
140,CHEAPER CLYDE,20,5.6
141,CHICAGO NORTH,16,5.6
161,CLUE GRAIL,7,5.6
166,COLOR PHILADELPHIA,24,5.6
183,CONVERSATION DOWNHILL,16,5.6
214,DAUGHTER MADIGAN,9,5.6
215,DAWN POND,18,5.6
225,DESTINATION JERK,8,5.6
231,DINOSAUR SECRETARY,20,5.6
307,FELLOWSHIP AUTUMN,26,5.6
331,FORWARD TEMPLE,32,5.6
341,FROST HEAD,29,5.6
360,GLASS DYING,14,5.6
389,GUNFIGHTER MUSSOLINI,12,5.6
458,INDIAN LOVE,16,5.6
502,KNOCK WARLOCK,24,5.6
545,MADNESS ATTACKS,25,5.6
557,MANCHURIAN CURTAIN,15,5.6
576,MIGHTY LUCK,12,5.6
606,MUMMY CREATURES,15,5.6
690,POND SEATTLE,19,5.6
694,PREJUDICE OLEANDER,20,5.6
717,REAR TRADING,17,5.6
793,SHRUNK DIVINE,14,5.6
824,SPARTACUS CHEAPER,9,5.6
829,SPINAL ROCKY,13,5.6
848,STONE FIRE,11,5.6
893,TITANS JERK,28,5.6
926,UNTOUCHABLES SUNRISE,8,5.6
999,ZOOLANDER FICTION,17,5.6
17,ALONE TRIP,17,5.5
35,ARACHNOPHOBIA ROLLERCOASTER,24,5.5
59,BEAR GRACELAND,22,5.5
71,BILKO ANONYMOUS,13,5.5
74,BIRCH ANTITRUST,11,5.5
75,BIRD INDEPENDENCE,11,5.5
82,BLOOD ARGONAUTS,10,5.5
95,BREAKFAST GOLDFINGER,17,5.5
100,BROOKLYN DESERT,21,5.5
163,CLYDE THEORY,8,5.5
172,CONEHEADS SMOOCHY,25,5.5
177,CONNECTICUT TRAMP,13,5.5
219,DEEP CRUSADE,13,5.5
220,DEER VIRGINIAN,28,5.5
227,DETAILS PACKER,18,5.5
317,FIREBALL PHILADELPHIA,21,5.5
327,FOOL MOCKINGBIRD,23,5.5
337,FRIDA SLIPPER,10,5.5
388,GUNFIGHT MOON,22,5.5
403,HARRY IDAHO,29,5.5
489,JUGGLER HARDLY,31,5.5
506,LADY STAGE,16,5.5
538,LOVERBOY ATTACKS,12,5.5
555,MALLRATS UNITED,25,5.5
573,MICROCOSMOS PARADISE,13,5.5
585,MOB DUFFEL,12,5.5
619,NEIGHBORS CHARADE,19,5.5
621,NETWORK PEAK,31,5.5
623,NEWTON LABYRINTH,17,5.5
633,OCTOBER SUBMARINE,11,5.5
647,OUTFIELD MASSACRE,19,5.5
664,PATRIOT ROMAN,16,5.5
676,PHILADELPHIA WIFE,22,5.5
722,REEF SALUTE,11,5.5
729,RIDER CADDYSHACK,11,5.5
741,ROMAN PUNK,24,5.5
782,SHAKESPEARE SADDLE,22,5.5
785,SHAWSHANK BUBBLE,18,5.5
808,SLING LUKE,6,5.5
842,STATE WASTELAND,12,5.5
888,THIN SAGEBRUSH,11,5.5
902,TRADING PINOCCHIO,24,5.5
932,VALLEY PACKER,15,5.5
951,VOYAGE LEGALLY,28,5.5
972,WHISPERER GIANT,22,5.5
21,AMERICAN CIRCUS,21,5.4
42,ARTIST COLDBLOODED,16,5.4
107,BUNCH MINDS,5,5.4
110,CABIN FLASH,15,5.4
150,CIDER DESIRE,19,5.4
184,CORE SUIT,18,5.4
204,DALMATIONS SWEDEN,20,5.4
208,DARES PLUTO,9,5.4
210,DARKO DORADO,11,5.4
211,DARLING BREAKING,9,5.4
245,DOUBLE WRATH,25,5.4
267,EAGLES PANKY,21,5.4
276,ELEMENT FREDDY,10,5.4
286,ENOUGH RAGING,17,5.4
305,FATAL HAUNTED,28,5.4
329,FORREST SONS,18,5.4
367,GOLDMINE TYCOON,27,5.4
406,HAUNTING PIANIST,22,5.4
429,HONEY TIES,19,5.4
451,IGBY MAKER,18,5.4
467,INTRIGUE WORST,19,5.4
483,JERICHO MULAN,17,5.4
513,LEATHERNECKS DWARFS,7,5.4
550,MAGUIRE APACHE,9,5.4
560,MARS ROMAN,19,5.4
569,MENAGERIE RUSHMORE,7,5.4
608,MURDER ANTITRUST,23,5.4
622,NEWSIES STORY,7,5.4
653,PANIC CLUB,7,5.4
673,PERSONAL LADYBUGS,14,5.4
691,POSEIDON FOREVER,17,5.4
706,QUEEN LUKE,21,5.4
733,RIVER OUTLAW,19,5.4
736,ROBBERY BRIGHT,13,5.4
738,ROCKETEER MOTHER,33,5.4
760,SAMURAI LION,25,5.4
765,SATURN NAME,13,5.4
773,SEABISCUIT PUNK,25,5.4
777,SECRETARY ROUGE,18,5.4
778,SECRETS PARADISE,20,5.4
783,SHANE DARKNESS,14,5.4
789,SHOCK CABIN,28,5.4
841,STAR OPERATION,20,5.4
845,STEPMOM DREAM,20,5.4
866,SUNSET RACER,8,5.4
923,UNFAITHFUL KILL,8,5.4
924,UNFORGIVEN ZOOLANDER,18,5.4
956,WANDA CHAMBER,15,5.4
957,WAR NOTTING,12,5.4
960,WARS PLUTO,10,5.4
975,WILLOW TRACY,16,5.4
979,WITCHES PANIC,29,5.4
988,WORKER TARZAN,15,5.4
12,ALASKA PHANTOM,26,5.3
46,AUTUMN CROW,11,5.3
65,BEHAVIOR RUNAWAY,13,5.3
91,BOUND CHEAPER,23,5.3
98,BRIGHT ENCOUNTERS,13,5.3
106,BULWORTH COMMANDMENTS,7,5.3
113,CALIFORNIA BIRDS,12,5.3
125,CASSIDY WYOMING,6,5.3
130,CELEBRITY HORN,24,5.3
182,CONTROL ANTHEM,7,5.3
201,CYCLONE FAMILY,14,5.3
232,DIRTY ACE,15,5.3
257,DRUMLINE CYCLONE,11,5.3
264,DWARFS ALTER,8,5.3
291,EVOLUTION ALTER,12,5.3
294,EXPECATIONS NATURAL,18,5.3
322,FLATLINERS KILLER,22,5.3
330,FORRESTER COMANCHEROS,26,5.3
334,FREDDY STORM,23,5.3
348,GANDHI KWAI,17,5.3
354,GHOST GROUNDHOG,20,5.3
358,GILMORE BOILED,28,5.3
369,GOODFELLAS SALUTE,31,5.3
372,GRACELAND DYNAMITE,6,5.3
373,GRADUATE LORD,16,5.3
382,GRIT CLOCKWORK,32,5.3
415,HIGH ENCINO,22,5.3
420,HOLES BRANNIGAN,14,5.3
443,HURRICANE AFFAIR,24,5.3
476,JASON TRAP,23,5.3
484,JERK PAYCHECK,20,5.3
504,KWAI HOMEWARD,23,5.3
524,LION UNCUT,18,5.3
527,LOLA AGENT,24,5.3
528,LOLITA WORLD,10,5.3
553,MAKER GABLES,10,5.3
564,MASSAGE IMAGE,12,5.3
567,MEET CHOCOLATE,12,5.3
572,METROPOLIS COMA,26,5.3
604,MULAN MOON,12,5.3
634,ODDS BOOGIE,15,5.3
641,ORANGE GRAPES,24,5.3
656,PAPI NECKLACE,8,5.3
657,PARADISE SABRINA,18,5.3
674,PET HAUNTING,8,5.3
714,RANDOM GO,9,5.3
716,REAP UNFAITHFUL,16,5.3
723,REIGN GENTLEMEN,20,5.3
763,SATISFACTION CONFIDENTIAL,17,5.3
766,SAVANNAH TOWN,12,5.3
775,SEATTLE EXPECATIONS,23,5.3
787,SHINING ROSES,8,5.3
795,SIEGE MADRE,15,5.3
800,SINNERS ATLANTIS,22,5.3
823,SOUTH WAIT,21,5.3
825,SPEAKEASY DATE,12,5.3
826,SPEED SUIT,9,5.3
837,STAGE WORLD,10,5.3
873,SWEETHEARTS SUSPECTS,28,5.3
887,THIEF PELICAN,19,5.3
890,TIGHTS DAWN,26,5.3
905,TRAINSPOTTING STRANGERS,11,5.3
966,WEDDING APOLLO,23,5.3
39,ARMAGEDDON LOST,20,5.2
58,BEACH HEARTBREAKERS,17,5.2
69,BEVERLY OUTLAW,21,5.2
76,BIRDCAGE CASPER,9,5.2
121,CAROL TEXAS,18,5.2
149,CHRISTMAS MOONSHINE,21,5.2
153,CITIZEN SHREK,13,5.2
173,CONFESSIONS MAGUIRE,14,5.2
174,CONFIDENTIAL INTERVIEW,29,5.2
176,CONGENIALITY QUEST,22,5.2
228,DETECTIVE VISION,26,5.2
247,DOWNHILL ENOUGH,25,5.2
252,DREAM PICKUP,22,5.2
285,ENGLISH BULWORTH,30,5.2
293,EXORCIST STING,13,5.2
295,EXPENDABLE STALLION,28,5.2
297,EXTRAORDINARY CONQUERER,6,5.2
303,FANTASY TROOPERS,26,5.2
313,FIDELITY DEVIL,21,5.2
336,FRENCH HOLIDAY,17,5.2
365,GOLD RIVER,14,5.2
381,GRINCH MASSAGE,14,5.2
385,GROUNDHOG UNCUT,17,5.2
481,JEKYLL FROGMEN,17,5.2
512,LEAGUE HELLFIGHTERS,17,5.2
521,LIES TREATMENT,27,5.2
561,MASK PEACH,17,5.2
568,MEMENTO ZOOLANDER,13,5.2
589,MODERN DORADO,15,5.2
590,MONEY HAROLD,20,5.2
625,NONE SPIKING,26,5.2
626,NOON PAPI,17,5.2
631,NOVOCAINE FLIGHT,19,5.2
635,OKLAHOMA JUMANJI,6,5.2
660,PARTY KNOCK,13,5.2
679,PILOT HOOSIERS,16,5.2
680,PINOCCHIO SIMON,20,5.2
698,PRINCESS GIANT,26,5.2
720,REDEMPTION COMFORTS,20,5.2
734,ROAD ROXANNE,19,5.2
764,SATURDAY LAMBS,28,5.2
806,SLEEPY JAPANESE,20,5.2
810,SLUMS DUCK,24,5.2
818,SOMETHING DUCK,19,5.2
820,SONS INTERVIEW,13,5.2
835,SPY MILE,27,5.2
846,STING PERSONAL,21,5.2
863,SUN CONFESSIONS,25,5.2
927,UPRISING UPTOWN,16,5.2
1,ACADEMY DINOSAUR,22,5.1
8,AIRPORT POLLOCK,18,5.1
11,ALAMO VIDEOTAPE,24,5.1
25,ANGELS LIFE,22,5.1
56,BAREFOOT MANCHURIAN,18,5.1
81,BLINDNESS GUN,14,5.1
112,CALENDAR GUNFIGHT,21,5.1
127,CAT CONEHEADS,29,5.1
135,CHANCE RESURRECTION,27,5.1
137,CHARADE DUFFEL,15,5.1
146,CHITTY LOCK,7,5.1
152,CIRCUS YOUTH,15,5.1
156,CLERKS ANGELS,7,5.1
191,CROOKED FROGMEN,22,5.1
238,DOCTOR GRAIL,7,5.1
289,EVE RESURRECTION,7,5.1
316,FIRE WOLVES,7,5.1
344,FURY MURDER,19,5.1
353,GENTLEMEN STAGE,23,5.1
366,GOLDFINGER SENSIBILITY,24,5.1
392,HALL CASSIDY,16,5.1
411,HEAVENLY GUN,7,5.1
421,HOLIDAY GAMES,15,5.1
438,HUMAN GRAFFITI,15,5.1
457,INDEPENDENCE HOTEL,19,5.1
480,JEEPERS WEDDING,16,5.1
499,KING EVOLUTION,9,5.1
500,KISS GLORY,22,5.1
517,LESSON CLEOPATRA,7,5.1
522,LIFE TWISTED,10,5.1
532,LOSER HUSTLER,15,5.1
535,LOVE SUICIDES,20,5.1
540,LUCKY FLYING,13,5.1
598,MOSQUITO ARMAGEDDON,14,5.1
640,OPUS ICE,11,5.1
693,POTTER CONNECTICUT,17,5.1
702,PULP BEVERLY,29,5.1
724,REMEMBER DIARY,18,5.1
737,ROCK INSTINCT,17,5.1
756,SADDLE ANTITRUST,14,5.1
761,SANTA PARIS,11,5.1
774,SEARCHERS WAIT,14,5.1
790,SHOOTIST SUPERFLY,24,5.1
797,SILENCE KANE,16,5.1
831,SPIRITED CASUALTIES,11,5.1
844,STEERS ARMAGEDDON,15,5.1
861,SUIT WALLS,19,5.1
864,SUNDANCE INVASION,18,5.1
869,SUSPECTS QUILLS,29,5.1
878,TEEN APOLLO,17,5.1
889,TIES HUNGER,11,5.1
901,TRACY CIDER,26,5.1
906,TRAMP OTHERS,20,5.1
913,TROOPERS METAL,14,5.1
914,TROUBLE DATE,22,5.1
925,UNITED PILOT,17,5.1
944,VIRGIN DAISY,17,5.1
947,VISION TORQUE,7,5.1
968,WEREWOLF LOLA,14,5.1
978,WISDOM WORKER,9,5.1
72,BILL OTHERS,19,5.0
103,BUCKET BROTHERHOOD,34,5.0
122,CARRIE BUNCH,23,5.0
143,CHILL LUCK,22,5.0
154,CLASH FREDDY,25,5.0
157,CLOCKWORK PARADISE,10,5.0
159,CLOSER BANG,28,5.0
178,CONNECTION MICROCOSMOS,6,5.0
181,CONTACT ANONYMOUS,26,5.0
187,CRANES RESERVOIR,11,5.0
199,CUPBOARD SINNERS,23,5.0
202,DADDY PITTSBURGH,13,5.0
229,DEVIL DESIRE,14,5.0
230,DIARY PANIC,9,5.0
256,DROP WATERFRONT,9,5.0
262,DUMBO LUST,6,5.0
272,EDGE KISSING,15,5.0
321,FLASH WARS,13,5.0
339,FROGMEN BREAKING,10,5.0
350,GARDEN ISLAND,20,5.0
355,GHOSTBUSTERS ELF,9,5.0
399,HAPPINESS UNITED,5,5.0
407,HAWK CHILL,7,5.0
408,HEAD STRANGER,22,5.0
410,HEAVEN FREEDOM,18,5.0
439,HUNCHBACK IMPOSSIBLE,19,5.0
442,HUNTING MUSKETEERS,15,5.0
460,INNOCENT USUAL,26,5.0
473,JACKET FRISCO,18,5.0
508,LAMBS CINCINATTI,10,5.0
525,LOATHING LEGALLY,26,5.0
530,LORD ARIZONA,10,5.0
541,LUKE MUMMY,7,5.0
543,MADIGAN DORADO,10,5.0
579,MINDS TRUMAN,20,5.0
595,MOON BUNCH,29,5.0
596,MOONSHINE CABIN,21,5.0
603,MOVIE SHAKESPEARE,26,5.0
605,MULHOLLAND BEAST,6,5.0
610,MUSIC BOONDOCK,19,5.0
613,MYSTIC TRUMAN,10,5.0
632,NUTS TIES,9,5.0
644,OSCAR GOLD,25,5.0
645,OTHERS SOUP,23,5.0
646,OUTBREAK DIVINE,23,5.0
659,PARK CITIZEN,8,5.0
681,PIRATES ROXANNE,20,5.0
687,POCUS PULP,26,5.0
699,PRIVATE DROP,5,5.0
743,ROOM ROMAN,20,5.0
744,ROOTS REMEMBER,17,5.0
769,SCHOOL JACKET,6,5.0
771,SCORPION APOLLO,23,5.0
804,SLEEPING SUSPECTS,23,5.0
805,SLEEPLESS MONSOON,19,5.0
807,SLEUTH ORIENT,21,5.0
813,SMOOCHY CONTROL,11,5.0
819,SONG HEDWIG,10,5.0
838,STAGECOACH ARMAGEDDON,26,5.0
840,STAMPEDE DISTURBING,14,5.0
862,SUMMER SCARFACE,15,5.0
870,SWARM GOLD,26,5.0
897,TORQUE BOUND,26,5.0
898,TOURIST PELICAN,22,5.0
939,VERTIGO NORTHWEST,8,5.0
967,WEEKEND PERSONAL,18,5.0
974,WILD APOLLO,5,5.0
983,WON DARES,9,5.0
989,WORKING MICROCOSMOS,25,5.0
990,WORLD LEATHERNECKS,7,5.0
10,ALADDIN CALENDAR,23,4.9
15,ALIEN CENTER,22,4.9
19,AMADEUS HOLY,20,4.9
40,ARMY FLINTSTONES,16,4.9
68,BETRAYED REAR,15,4.9
118,CANYON STOCK,18,4.9
236,DIVINE RESURRECTION,14,4.9
241,DONNIE ALLEY,14,4.9
251,DRAGONFLY STRANGERS,17,4.9
255,DRIVING POLISH,21,4.9
269,EARRING INSTINCT,19,4.9
284,ENEMY ODDS,29,4.9
302,FANTASIA PARK,19,4.9
315,FINDING ANACONDA,12,4.9
319,FISH OPUS,25,4.9
380,GREEK EVERYONE,17,4.9
384,GROSSE WONDERFUL,8,4.9
416,HIGHBALL POTTER,21,4.9
424,HOLOCAUST HIGHBALL,17,4.9
431,HOOSIERS BIRDCAGE,8,4.9
434,HORROR REIGN,27,4.9
436,HOURS RAGE,19,4.9
447,ICE CROSSING,24,4.9
452,ILLUSION AMELIE,15,4.9
453,IMAGE PRINCESS,14,4.9
455,IMPOSSIBLE PREJUDICE,14,4.9
478,JAWS HARRY,14,4.9
501,KISSING DOLLS,20,4.9
539,LUCK OPUS,10,4.9
570,MERMAID INSECTS,16,4.9
581,MINORITY KISS,11,4.9
587,MOD SECRETARY,11,4.9
592,MONSTER SPARTACUS,14,4.9
630,NOTTING SPEAKEASY,10,4.9
637,OPEN AFRICAN,21,4.9
655,PANTHER REDS,15,4.9
665,PATTON INTERVIEW,23,4.9
718,REBEL AIRPORT,8,4.9
731,RIGHT CRANES,10,4.9
739,ROCKY WAR,16,4.9
751,RUNAWAY TENENBAUMS,8,4.9
776,SECRET GROUNDHOG,21,4.9
809,SLIPPER FIDELITY,16,4.9
816,SNOWMAN ROLLERCOASTER,23,4.9
872,SWEET BROTHERHOOD,15,4.9
930,VACATION BOONDOCK,21,4.9
942,VIETNAM SMOOCHY,15,4.9
949,VOLCANO TEXAS,21,4.9
958,WARDROBE PHANTOM,27,4.9
962,WASTELAND DIVINE,15,4.9
963,WATCH TRACY,16,4.9
969,WEST LION,16,4.9
976,WIND PHANTOM,23,4.9
985,WONDERLAND CHRISTMAS,22,4.9
991,WORST BANGER,16,4.9
20,AMELIE HELLFIGHTERS,10,4.8
27,ANONYMOUS HUMAN,13,4.8
47,BABY HALL,8,4.8
61,BEAUTY GREASE,22,4.8
111,CADDYSHACK JEDI,16,4.8
132,CHAINSAW UPTOWN,21,4.8
134,CHAMPION FLATLINERS,13,4.8
158,CLONES PINOCCHIO,19,4.8
160,CLUB GRAFFITI,17,4.8
162,CLUELESS BUCKET,25,4.8
194,CROW GREASE,12,4.8
250,DRAGON SQUAD,11,4.8
263,DURHAM PANKY,26,4.8
279,ELIZABETH SHANE,10,4.8
282,ENCOUNTERS CURTAIN,19,4.8
292,EXCITEMENT EVE,21,4.8
298,EYES DRIVING,19,4.8
345,GABLES METROPOLIS,18,4.8
378,GREATEST NORTH,29,4.8
393,HALLOWEEN NUTS,10,4.8
430,HOOK CHARIOTS,13,4.8
449,IDENTITY LOVER,13,4.8
471,ISLAND EXORCIST,26,4.8
494,KARATE MOON,23,4.8
503,KRAMER CHOCOLATE,9,4.8
509,LANGUAGE COWBOY,11,4.8
529,LONELY ELEPHANT,15,4.8
586,MOCKINGBIRD HOLLYWOOD,23,4.8
602,MOURNING PURPLE,21,4.8
648,OUTLAW HANKY,13,4.8
709,RACER EGG,18,4.8
725,REQUIEM TYCOON,19,4.8
735,ROBBERS JOON,31,4.8
745,ROSES TREASURE,28,4.8
762,SASSY PACKER,13,4.8
772,SEA VIRGIN,22,4.8
799,SIMON NORTH,6,4.8
849,STORM HAPPINESS,29,4.8
865,SUNRISE LEAGUE,24,4.8
880,TELEMARK HEARTBREAKERS,25,4.8
933,VAMPIRE WHALE,12,4.8
948,VOICE PEACH,19,4.8
961,WASH HEAVENLY,23,4.8
973,WIFE TURN,31,4.8
987,WORDS HUNTER,16,4.8
995,YENTL IDAHO,23,4.8
4,AFFAIR PREJUDICE,22,4.7
18,ALTER VICTORY,22,4.7
28,ANTHEM LUKE,15,4.7
29,ANTITRUST TOMATOES,10,4.7
34,ARABIA DOGMA,13,4.7
43,ATLANTIS CAUSE,24,4.7
57,BASIC EASY,20,4.7
64,BEETHOVEN EXORCIST,11,4.7
77,BIRDS PERDITION,18,4.7
84,BOILED DARES,15,4.7
105,BULL SHAWSHANK,15,4.7
117,CANDLES GRAPES,23,4.7
142,CHICKEN HELLFIGHTERS,22,4.7
239,DOGMA FAMILY,30,4.7
249,DRACULA CRYSTAL,21,4.7
266,DYNAMITE TARZAN,25,4.7
281,ENCINO ELF,18,4.7
300,FALCON VOLUME,21,4.7
301,FAMILY SWEET,27,4.7
312,FIDDLER LOST,10,4.7
328,FOREVER CANDIDATE,13,4.7
391,HALF OUTFIELD,24,4.7
396,HANGING DEEP,19,4.7
412,HEAVYWEIGHTS BEAST,23,4.7
437,HOUSE DYNAMITE,23,4.7
450,IDOLS SNATCHERS,30,4.7
456,INCH JET,18,4.7
466,INTOLERABLE INTENTIONS,9,4.7
479,JEDI BENEATH,19,4.7
496,KICK SAVANNAH,19,4.7
518,LIAISONS SWEET,22,4.7
559,MARRIED GO,30,4.7
578,MILLION ACE,20,4.7
582,MIRACLE VIRTUAL,9,4.7
583,MISSION ZOOLANDER,18,4.7
600,MOTIONS DETAILS,15,4.7
614,NAME DETECTIVE,22,4.7
617,NATURAL STOCK,13,4.7
618,NECKLACE OUTBREAK,15,4.7
639,OPPOSITE NECKLACE,12,4.7
652,PAJAMA JAWBREAKER,14,4.7
666,PAYCHECK WAIT,16,4.7
688,POLISH BROOKLYN,18,4.7
711,RAGING AIRPLANE,13,4.7
759,SALUTE APOLLO,23,4.7
786,SHEPHERD MIDSUMMER,25,4.7
833,SPLENDOR PATTON,21,4.7
857,STRICTLY SCARFACE,23,4.7
875,TALENTED HOMICIDE,29,4.7
892,TITANIC BOONDOCK,21,4.7
915,TRUMAN CRAZY,23,4.7
922,UNDEFEATED DALMATIONS,21,4.7
13,ALI FOREVER,8,4.6
37,ARIZONA BANG,21,4.6
49,BADMAN DAWN,21,4.6
50,BAKED CLEOPATRA,15,4.6
54,BANGER PINOCCHIO,22,4.6
83,BLUES INSTINCT,21,4.6
86,BOOGIE AMELIE,28,4.6
119,CAPER MOTIONS,24,4.6
235,DIVIDE MONSTER,21,4.6
277,ELEPHANT TROJAN,14,4.6
283,ENDING CROWDS,11,4.6
288,ESCAPE METROPOLIS,25,4.6
309,FEUD FROGMEN,25,4.6
390,GUYS FALCON,9,4.6
395,HANDICAP BOONDOCK,28,4.6
465,INTERVIEW LIAISONS,20,4.6
531,LOSE INCH,27,4.6
566,MAUDE MOD,8,4.6
575,MIDSUMMER GROUNDHOG,22,4.6
611,MUSKETEERS WAIT,17,4.6
620,NEMO CAMPUS,14,4.6
624,NIGHTMARE CHILL,25,4.6
638,OPERATION OPERATION,26,4.6
668,PEAK FOREVER,20,4.6
689,POLLOCK DELIVERANCE,17,4.6
746,ROUGE SQUAD,18,4.6
748,RUGRATS SHAKESPEARE,30,4.6
755,SABRINA MIDNIGHT,21,4.6
758,SAINTS BRIDE,8,4.6
779,SENSE GREEK,7,4.6
803,SLACKER LIAISONS,17,4.6
907,TRANSLATION SUMMER,15,4.6
936,VANISHING ROCKY,17,4.6
977,WINDOW SIDE,11,4.6
986,WONKA SEA,18,4.6
994,WYOMING STORM,13,4.6
996,YOUNG LANGUAGE,7,4.6
7,AIRPLANE SIERRA,15,4.5
22,AMISTAD MIDSUMMER,20,4.5
52,BALLROOM MOCKINGBIRD,8,4.5
53,BANG KWAI,6,4.5
60,BEAST HUNCHBACK,11,4.5
67,BERETS AGENT,20,4.5
93,BRANNIGAN SUNRISE,12,4.5
97,BRIDE INTRIGUE,19,4.5
145,CHISUM BEHAVIOR,13,4.5
167,COMA HEAD,26,4.5
169,COMFORTS RUSH,17,4.5
222,DESERT POSEIDON,19,4.5
223,DESIRE ALIEN,8,4.5
234,DISTURBING SCARFACE,26,4.5
260,DUDE BLINDNESS,16,4.5
349,GANGS PRIDE,27,4.5
364,GODFATHER DIARY,8,4.5
371,GOSFORD DONNIE,8,4.5
398,HANOVER GALAXY,17,4.5
433,HORN WORKING,24,4.5
464,INTENTIONS EMPIRE,15,4.5
468,INVASION CYCLONE,27,4.5
482,JEOPARDY ENCINO,10,4.5
511,LAWRENCE LOVE,13,4.5
536,LOVELY JINGLE,13,4.5
551,MAIDEN HOME,24,4.5
556,MALTESE HOPE,22,4.5
616,NATIONAL STORY,19,4.5
651,PACKER MADIGAN,22,4.5
661,PAST SUICIDES,13,4.5
677,PIANIST OUTFIELD,20,4.5
697,PRIMARY GLASS,27,4.5
753,RUSH GOODFELLAS,31,4.5
768,SCARFACE BANG,17,4.5
828,SPIKING ELEMENT,13,4.5
876,TARZAN VIDEOTAPE,8,4.5
877,TAXI KICK,17,4.5
881,TEMPLE ATTRACTION,12,4.5
938,VELVET TERMINATOR,26,4.5
959,WARLOCK WEREWOLF,6,4.5
992,WRATH MILE,14,4.5
1000,ZORRO ARK,31,4.5
23,ANACONDA CONFESSIONS,21,4.4
78,BLACKOUT PRIVATE,27,4.4
102,BUBBLE GROSSE,5,4.4
164,COAST RAINBOW,21,4.4
193,CROSSROADS CASUALTIES,21,4.4
243,DOORS PRESIDENT,17,4.4
253,DRIFTER COMMANDMENTS,23,4.4
346,GALAXY SWEETHEARTS,18,4.4
352,GATHERING CALENDAR,11,4.4
405,HAUNTED ANTITRUST,5,4.4
409,HEARTBREAKERS BRIGHT,20,4.4
423,HOLLYWOOD ANONYMOUS,13,4.4
445,HYDE DOCTOR,25,4.4
446,HYSTERICAL GRAIL,15,4.4
474,JADE BUNCH,18,4.4
490,JUMANJI BLADE,8,4.4
558,MANNEQUIN WORST,5,4.4
683,PITY BOUND,26,4.4
684,PIZZA JUMANJI,7,4.4
695,PRESIDENT BANG,7,4.4
703,PUNK DIVORCE,8,4.4
707,QUEST MUSSOLINI,20,4.4
708,QUILLS BULL,16,4.4
719,RECORDS ZORRO,7,4.4
727,RESURRECTION SILVERADO,21,4.4
780,SENSIBILITY REAR,10,4.4
781,SEVEN SWARM,5,4.4
822,SOUP WISDOM,8,4.4
834,SPOILERS HELLFIGHTERS,10,4.4
843,STEEL SANTA,23,4.4
850,STORY SIDE,28,4.4
851,STRAIGHT HOURS,20,4.4
916,TURN STAR,14,4.4
941,VIDEOTAPE ARSENIC,29,4.4
945,VIRGINIAN PLUTO,28,4.4
993,WRONG BEHAVIOR,20,4.4
45,ATTRACTION NEWTON,24,4.3
124,CASPER DRAGONFLY,8,4.3
136,CHAPLIN LICENSE,8,4.3
179,CONQUERER NUTS,16,4.3
188,CRAZY HOME,9,4.3
203,DAISY MENAGERIE,16,4.3
237,DIVORCE SHINING,7,4.3
259,DUCK RACER,6,4.3
296,EXPRESS LONELY,13,4.3
314,FIGHT JAWBREAKER,21,4.3
320,FLAMINGOS CONNECTICUT,23,4.3
363,GO PURPLE,20,4.3
376,GRAPES FURY,21,4.3
414,HELLFIGHTERS SIERRA,20,4.3
422,HOLLOW JEOPARDY,10,4.3
432,HOPE TOOTSIE,18,4.3
472,ITALIAN AFRICAN,6,4.3
475,JAPANESE RUN,6,4.3
514,LEBOWSKI SOLDIERS,20,4.3
534,LOUISIANA HARRY,17,4.3
554,MALKOVICH PET,26,4.3
574,MIDNIGHT WESTWARD,16,4.3
609,MUSCLE BRIGHT,30,4.3
643,ORIENT CLOSER,17,4.3
663,PATIENT SISTER,19,4.3
692,POTLUCK MIXED,11,4.3
747,ROXANNE REBEL,19,4.3
791,SHOW LORD,25,4.3
812,SMOKING BARBARELLA,17,4.3
817,SOLDIERS EVOLUTION,8,4.3
853,STRANGER STRANGERS,11,4.3
858,SUBMARINE BED,15,4.3
894,TOMATOES HELLFIGHTERS,14,4.3
911,TRIP NEWTON,28,4.3
26,ANNIE IDENTITY,22,4.2
63,BEDAZZLED MARRIED,13,4.2
66,BENEATH RUSH,10,4.2
85,BONNIE HOLOCAUST,16,4.2
96,BREAKING HOME,13,4.2
123,CASABLANCA SUPER,16,4.2
131,CENTER DINOSAUR,23,4.2
186,CRAFT OUTFIELD,16,4.2
205,DANCES NONE,12,4.2
224,DESPERATE TRAINSPOTTING,6,4.2
246,DOUBTFIRE LABYRINTH,10,4.2
308,FERRIS MOTHER,17,4.2
356,GIANT TROOPERS,28,4.2
377,GREASE YOUTH,21,4.2
428,HOMICIDE PEACH,22,4.2
487,JINGLE SAGEBRUSH,13,4.2
505,LABYRINTH LEAGUE,15,4.2
510,LAWLESS VISION,16,4.2
515,LEGALLY SECRETARY,9,4.2
612,MUSSOLINI SPOILERS,5,4.2
675,PHANTOM GLORY,6,4.2
686,PLUTO OLEANDER,16,4.2
710,RAGE GAMES,19,4.2
830,SPIRIT FLINTSTONES,15,4.2
856,STREETCAR INTENTIONS,25,4.2
31,APACHE DIVINE,31,4.1
190,CREEPERS KANE,14,4.1
413,HEDWIG ALTER,12,4.1
462,INSIDER ARIZONA,18,4.1
463,INSTINCT AIRPORT,18,4.1
469,IRON MOON,11,4.1
488,JOON NORTHWEST,17,4.1
547,MAGIC MALLRATS,7,4.1
588,MODEL FISH,15,4.1
627,NORTH TEQUILA,11,4.1
767,SCALAWAG DUCK,32,4.1
827,SPICE SORORITY,20,4.1
896,TOOTSIE PILOT,15,4.1
900,TOWN ARK,14,4.1
937,VARSITY TRIP,15,4.1
981,WOLVES DESIRE,21,4.1
32,APOCALYPSE FLAMINGOS,6,4.0
79,BLADE POLISH,21,4.0
88,BORN SPINAL,12,4.0
94,BRAVEHEART HUMAN,5,4.0
138,CHARIOTS CONSPIRACY,21,4.0
218,DECEIVER BETRAYED,21,4.0
226,DESTINY SATURDAY,16,4.0
304,FARGO GANDHI,24,4.0
342,FUGITIVE MAGUIRE,11,4.0
351,GASLIGHT CRUSADE,16,4.0
374,GRAFFITI LOVE,30,4.0
435,HOTEL HAPPINESS,9,4.0
526,LOCK REAR,16,4.0
594,MONTEZUMA COMMAND,9,4.0
649,OZ LIAISONS,24,4.0
650,PACIFIC AMISTAD,24,4.0
705,PURPLE MOVIE,13,4.0
715,RANGE MOONWALKER,27,4.0
728,REUNION WITCHES,20,4.0
752,RUNNER MADIGAN,8,4.0
784,SHANGHAI TYCOON,14,4.0
895,TOMORROW HUSTLER,25,4.0
899,TOWERS HURRICANE,11,4.0
980,WIZARD COLDBLOODED,16,4.0
982,WOMEN DORADO,22,4.0
248,DOZEN LION,7,3.9
254,DRIVER ANNIE,17,3.9
265,DYING MAKER,17,3.9
333,FREAKY POCUS,17,3.9
347,GAMES BOWFINGER,14,3.9
448,IDAHO LOVE,17,3.9
493,KANE EXORCIST,14,3.9
562,MASKED BUBBLE,20,3.9
593,MONTEREY LABYRINTH,13,3.9
821,SORORITY QUEEN,12,3.9
868,SUPERFLY TRIP,10,3.9
918,TWISTED PIRATES,11,3.9
940,VICTORY ACADEMY,9,3.9
180,CONSPIRACY SPIRIT,5,3.8
362,GLORY TRACY,5,3.8
565,MATRIX SNOWMAN,9,3.8
859,SUGAR WONKA,17,3.8
196,CRUELTY UNFORGIVEN,7,3.7
290,EVERYONE CRAFT,13,3.7
815,SNATCHERS MONTEZUMA,9,3.7
847,STOCK GLASS,14,3.7
233,DISCIPLE MOTHER,18,3.6
299,FACTORY DRAGON,17,3.6
343,FULL FLATLINERS,5,3.6
427,HOMEWARD CIDER,16,3.6
520,LICENSE WEEKEND,7,3.6
542,LUST LOCK,13,3.6
700,PRIX UNDEFEATED,11,3.6
792,SHREK LICENSE,14,3.6
910,TREATMENT JEKYLL,7,3.6
928,UPTOWN YOUNG,12,3.6
929,USUAL UNTOUCHABLES,13,3.6
770,SCISSORHANDS SLUMS,15,3.5
904,TRAIN BUNCH,4,3.5
912,TROJAN TOMORROW,18,3.5
3,ADAPTATION HOLES,12,3.4
185,COWBOY DOOM,7,3.4
278,ELF MURDER,7,3.4
459,INFORMER DOUBLE,5,3.4
685,PLATOON INSTINCT,9,3.4
696,PRIDE ALAMO,15,3.4
836,SQUAD FISH,7,3.4
903,TRAFFIC HOBBIT,5,3.4
379,GREEDY ROOTS,14,3.3
461,INSECTS STONE,17,3.3
754,RUSHMORE MERMAID,6,3.3
883,TEQUILA PAST,6,3.3
882,TENENBAUMS COMMAND,13,3.2
885,TEXAS WATCH,6,3.2
92,BOWFINGER GABLES,11,3.1
401,HAROLD FRENCH,8,3.1
788,SHIP WONDERLAND,15,3.1
168,COMANCHEROS ENEMY,6,3.0
335,FREEDOM CLEOPATRA,5,2.8
477,JAWBREAKER BROOKLYN,10,2.7
839,STALLION SUNDANCE,7,2.7
261,DUFFEL APOCALYPSE,7,1.7
